Rank,Title,Username,Rating,Points,Tie Break,Performance
1,,franjedrez,2740,10.5,83.25,2584.6365
2,FM,LuisFSiles,2423,9.5,66.25,2368.2727
3,FM,EliamGerena,2490,9.5,64.75,2440.182
4,CM,savins,2275,9.5,58.25,2315.4546
5,,mapascual,2343,9.0,61.5,2386.3635
6,,Rey_Esimio,1929,9.0,58.0,1972.4546
7,,ievlev,2377,9.0,55.5,2258.182
8,,Diamantesco,2223,9.0,53.5,2310.4546
9,,sergi0medina,2305,9.0,52.0,2257.182
10,,AveFelix,2352,9.0,51.5,2364.6365
11,,mpv12,2357,9.0,50.5,2394.182
12,,Okabe7,2345,9.0,47.5,2312.9092
13,,MiyagiEndshpil,2226,8.5,51.0,2391.8
14,,czerjyo,2131,8.5,46.0,2154.9
15,,TeReviento,2327,8.5,45.5,2260.625
16,,Ivvar,2430,8.5,42.0,2345.75
17,,Borcut,2285,8.5,37.5,2333.3333
18,,S1nt0m4,2345,8.0,53.0,2227.0908
19,,Girian,2123,8.0,51.0,1996.7273
20,,InEgra,2154,8.0,50.5,2208.9092
21,,Croquetita,2111,8.0,48.5,2055.182
22,,Von_Nannov,2125,8.0,48.0,2120.0
23,,Frank_jk,2052,8.0,48.0,2017.2727
24,,delox123,1739,8.0,46.75,2092.6
25,,antitodozgz,2009,8.0,46.5,2050.7273
26,,justin3_tst,2052,8.0,46.0,2050.0
27,,Recursivo,2065,8.0,45.5,2107.9092
28,,mlffs1983,1949,8.0,45.0,2036.4546
29,,Adriii01,1712,8.0,45.0,2027.0
30,,MiquelPego,2177,8.0,45.0,1977.2727
31,,survivalzombie,2103,8.0,44.0,2081.0
32,,Vanegas,2136,8.0,43.5,2131.182
33,,ANUBYZ,2086,8.0,42.0,2194.3635
34,,Novaicris,1955,8.0,41.5,2127.2727
35,,elias067,2128,8.0,41.0,2074.2727
36,,ChessSantiTwitch,2048,8.0,37.75,2127.3
37,,Joaquinpascucci267,2233,7.5,53.0,2117.0
38,,Alexzambra,1791,7.5,51.75,2124.3635
39,,SmartR,2310,7.5,45.75,2149.182
40,,Ioachimum,2279,7.5,44.75,2155.3635
41,,MaRcos_5,2055,7.5,44.75,2112.5454
42,,Boca0descensos,1950,7.5,43.75,2168.9092
43,,Savoy_JP,2035,7.5,42.75,1945.1818
44,,BYSTROV_DANIIL77,2013,7.5,42.25,2066.6365
45,,antoniocham8,2085,7.5,42.25,1963.909
46,,ElLeon_de_Bohemia,2197,7.5,38.5,2138.5454
47,,Bellochess,1878,7.5,38.25,1953.2727
48,,alucard1965,2086,7.5,38.0,2110.625
49,,aLVARO2702,1954,7.5,37.75,2064.9092
50,,nestorcorral,2077,7.5,35.5,1899.5
51,,EvokingGames7,1980,7.5,34.5,2139.75
52,,spectre84,2218,7.5,29.75,2002.6364
53,,muhamedalhaj2008r,2111,7.0,45.5,2151.1
54,,Olimpiodoro,1734,7.0,42.0,1911.1818
55,,Baptistov612,1474,7.0,41.0,1962.5
56,,islafuego078,1768,7.0,41.0,1891.5454
57,,DaviJesus1,1995,7.0,40.5,1885.909
58,,karucs-4563,2031,7.0,39.0,1927.1818
59,,dimoni66,2067,7.0,39.0,1822.1818
60,,Cubitodecaldo,2133,7.0,38.5,2121.818
61,,SANDINO20,1852,7.0,38.0,1876.1818
62,,sarcosaurus,1560,7.0,38.0,1836.8182
63,,felitest,2251,7.0,37.0,2058.3635
64,,GilTrabajador,2080,7.0,35.75,2108.4546
65,,dacoba,2085,7.0,35.5,2050.182
66,,AjedrezConSergio,1753,7.0,35.5,1969.909
67,,MatiasAjsNemocon,1921,7.0,35.5,1895.4546
68,,FNR96,1555,7.0,35.5,1843.091
69,,Nahuel815,1906,7.0,35.0,1872.3636
70,,DiegoSoto12,1708,7.0,34.5,1894.6364
71,,Mario_Rober,1881,7.0,34.0,1962.5454
72,,Jane_Psychopomp,1860,7.0,34.0,1896.8182
73,,jorgegbanos,1848,7.0,34.0,1819.3636
74,,diegomoop,1671,7.0,34.0,1809.6364
75,,Airon04Ismael,1911,7.0,33.5,1927.6364
76,,ALVARITO297,1732,7.0,33.5,1866.091
77,,QuevedoRW,2109,7.0,33.25,1936.7273
78,,luismarquez,1491,7.0,33.0,1906.3636
79,,ERISSON91,1932,7.0,33.0,1843.909
80,,diegowc,1845,7.0,32.0,1853.8182
81,,diegocuban30,1882,7.0,30.25,1826.0
82,,Hugo_G_F,1764,7.0,30.0,1642.6364
83,,EloyBerty07,1673,7.0,30.0,1635.6364
84,,pikachuchess10,1930,7.0,29.5,1906.2727
85,,Demonioamarillo,1684,7.0,29.0,1890.091
86,,Erulees,1548,7.0,28.0,1941.3636
87,,aguila_de-orofino,1440,7.0,28.0,1900.2727
88,,Miller321,1885,7.0,28.0,1813.2727
89,,Darwin6xd,1622,7.0,28.0,1694.625
90,,joseansp,1809,7.0,26.5,1859.7273
91,,Julianpeludo,1719,7.0,25.5,1866.4546
92,,ajedrezinvencible1,2471,6.5,40.25,2215.6
93,,sastreria455,2226,6.5,36.5,2069.6667
94,,Emanuel-2004,2128,6.5,35.75,2136.25
95,,LaDolceGusto,2069,6.5,35.25,1919.091
96,,RRiRRautentico,1979,6.5,34.75,1992.6364
97,,ALGRANO,2049,6.5,34.75,1900.8889
98,,chatungo069,1699,6.5,33.5,1854.2
99,,DANNY_SEMINARIO0805,1639,6.5,31.75,1696.6364
100,,NOELBERTA,1954,6.5,30.75,1901.1111
101,,Srathompson,2011,6.5,30.75,1813.7273
102,,PeDrOVuElAmIlLaReNgO,1774,6.5,30.5,1896.3
103,,pvazplasen,1813,6.5,29.75,1977.0
104,,YESOK73,1741,6.5,29.5,1820.1818
105,,lihuemahmudchess,2230,6.5,29.0,2219.625
106,,yess426,1945,6.5,28.75,1974.8889
107,,NightHorses,1827,6.5,28.25,1594.4546
108,,ElViejoDeArriba,2275,6.5,28.0,2008.0
109,,tuprofedeajedrez,2399,6.5,27.5,2073.111
110,,andres_fysikk15,1744,6.5,27.5,1672.75
111,,drjegc,1886,6.5,27.0,1897.8
112,,Burgoss701,1496,6.5,26.75,1734.909
113,,ChoripanAsesino,1779,6.5,26.25,1961.2727
114,,PaulitaAjsNemocon,1392,6.5,25.75,1741.909
115,,BichaDios,1659,6.5,25.25,1729.5
116,,Junior1228,1533,6.5,24.75,1644.8182
117,,Jesux01,1998,6.5,24.25,1985.8182
118,,TotoBarbol,1857,6.5,23.75,1892.2727
119,,gonzyender,2102,6.5,22.0,2064.75
120,,ConLaCalma,2126,6.5,19.0,1931.6666
121,,LuisEnrique123454321,2116,6.0,32.0,2011.5
122,,Kropotnik,1641,6.0,32.0,1646.5454
123,,Gersand7,1762,6.0,30.0,1683.8182
124,,amajhon,1760,6.0,29.5,1611.8182
125,,Ruvisp,1666,6.0,29.0,1666.0
126,,Pazyalegria,1559,6.0,29.0,1601.0
127,,jheffer20,1755,6.0,28.5,1657.7273
128,,Marshallgomez,2214,6.0,28.0,2096.4285
129,,St1v3nt,1513,6.0,28.0,1658.7273
130,,Holq07,1852,6.0,27.75,1652.6364
131,,ataque1941,1849,6.0,27.5,1770.091
132,,penultimoError,1614,6.0,27.5,1613.7273
133,,RealHastaLaMuerteBrr,1831,6.0,27.0,1743.091
134,,alejo79,1514,6.0,27.0,1687.8182
135,,yesuardo,1919,6.0,26.0,1682.7273
136,,Yus3i,1633,6.0,26.0,1588.2727
137,,MvilaI,1795,6.0,26.0,1527.7273
138,,GoyitoBonito,1292,6.0,26.0,1398.6364
139,,DylanAG10,1576,6.0,25.5,1546.2727
140,,NITENGONOMBRE898989,1924,6.0,25.0,1828.8
141,,ROMANMAVRIN,1903,6.0,25.0,1826.3636
142,,leonmachado,1511,6.0,25.0,1601.5454
143,,miguelov3,1139,6.0,25.0,1561.5454
144,,Luxtis,1573,6.0,25.0,1537.4546
145,,DanielGC,1501,6.0,25.0,1476.7273
146,,PomaritoSchwob,1847,6.0,24.5,1552.6364
147,,karma210,1677,6.0,24.0,1786.909
148,,Ronnicito04,1575,6.0,24.0,1785.0
149,,luar7,1846,6.0,24.0,1605.0
150,,llx756ii,1626,6.0,24.0,1590.3636
151,,Joel2021,1499,6.0,24.0,1569.4546
152,,mapapake,1581,6.0,23.5,1665.4546
153,,QUEDATENCASA,1899,6.0,23.0,1829.6364
154,,maxi1403,1660,6.0,23.0,1813.8182
155,,MIKEL76,1766,6.0,23.0,1775.4546
156,,Juanpedroflorespicon,1797,6.0,23.0,1710.8182
157,,melnf,1590,6.0,22.5,1769.0
158,,melomanishee,1819,6.0,22.5,1603.25
159,,E_GMartinez,1612,6.0,22.0,1836.0
160,,FedericoRM,1416,6.0,22.0,1738.4546
161,,Alfasaurio,1379,6.0,22.0,1649.4546
162,,ElQueNoPerdona,1423,6.0,22.0,1514.1818
163,,FreddyJoseTorresG,1547,6.0,21.0,1619.4546
164,,SNK03,1636,6.0,20.5,1769.3636
165,,Nestor-2011,1770,6.0,20.0,1828.4546
166,,JulioQuicenoUV,1660,6.0,20.0,1619.2727
167,,Teddy_2323,1619,6.0,20.0,1587.7
168,,yvyryryi,1416,6.0,20.0,1474.3636
169,,jesussantfeliu,1602,6.0,19.5,1424.8182
170,,AlexanderGII,1540,6.0,18.0,1633.4546
171,,NDavidConde,1455,6.0,18.0,1571.4546
172,,Cristhian99,1540,5.5,27.75,1519.2727
173,,MarkusVinicius,2282,5.5,25.0,2239.6667
174,,JeroDacunda,1518,5.5,24.25,1635.5454
175,,Ferpiana,1857,5.5,24.0,1725.5
176,,MrCarlosHz,1340,5.5,23.75,1565.0
177,,Quijarho,1607,5.5,23.25,1685.2727
178,,sebassllr,1715,5.5,22.75,1778.0
179,,genaroolivares,1620,5.5,21.0,1674.3
180,,danlsk,1799,5.5,20.75,1624.5454
181,,Fassis1984,1223,5.5,20.25,1509.4546
182,,Aulig,1423,5.5,20.25,1461.4546
183,,Titoplata,1404,5.5,19.75,1518.3636
184,,AlexBlunt,1591,5.5,19.75,1500.1818
185,,Dachshund67,1792,5.5,19.5,1778.1
186,,anthonysmm,1508,5.5,19.5,1592.2858
187,,chacarita1010,1665,5.5,18.75,1603.0
188,,PARZIVAL4,1321,5.5,18.75,1410.091
189,,gonziii3014,1611,5.5,18.0,1658.909
190,,NLNKillspy,1498,5.5,17.75,1399.0
191,,charmonium007,1460,5.5,17.25,1559.7273
192,,Jabibo015GG,1643,5.5,16.25,1673.5454
193,,pablal,1250,5.5,15.75,1546.909
194,,NepoKiller09,1855,5.5,15.5,1728.3334
195,,OdioEsteJuegoDeMrd6,1550,5.5,15.5,1644.1
196,,GeraldoDeLaRivera,1644,5.5,15.5,1531.6666
197,,JAYYMIIX,1091,5.5,13.75,1540.9
198,,Erick03,1732,5.0,27.5,1687.3
199,,MAXIMILIANO_DONOSO,1960,5.0,26.0,1627.7273
200,,Yhonz,1508,5.0,26.0,1503.5454
201,,jhonj84,1664,5.0,25.0,1694.9
202,,Pedri28,1664,5.0,24.0,1632.1111
203,,MrGuzman5,1355,5.0,22.5,1371.2727
204,,U015,1651,5.0,22.0,1438.091
205,,Tinotin,2089,5.0,21.5,1731.3
206,,Bentrock,1792,5.0,20.5,1600.4445
207,,Jotajota76,1474,5.0,20.0,1543.091
208,,Raycol,1116,5.0,20.0,1326.091
209,,GGFabio,1344,5.0,19.5,1472.7
210,,peaton_huerfano,1308,5.0,19.0,1572.25
211,,Ragadominguin,1292,5.0,19.0,1254.4546
212,,elcefriano12,1480,5.0,18.5,1842.375
213,,Camaleon9,1812,5.0,18.0,1715.7
214,,canaria962,1569,5.0,18.0,1585.2727
215,,tomascuneo,1440,5.0,18.0,1564.3636
216,,Regulus_M,1022,5.0,18.0,1485.8182
217,,Andres_Zamorano,1145,5.0,18.0,1367.909
218,,ChristianFlores24,1339,5.0,18.0,1348.091
219,,Schachversteher,2290,5.0,17.5,1904.0
220,,JOSEMONTE,1480,5.0,17.0,1544.6364
221,,TuLopez,1528,5.0,17.0,1518.8334
222,,JFercho59,1707,5.0,16.5,1553.8
223,,Rabichess,1155,5.0,16.5,1493.5454
224,,ikergameplaysyt,1295,5.0,16.5,1440.2858
225,,familia_alfil,862,5.0,16.5,1382.8182
226,,FafeeM,1126,5.0,16.5,1308.091
227,,MacMate,1596,5.0,16.0,1589.0
228,,Hernancito,1779,5.0,16.0,1504.8572
229,,Alex_Ramentol,1334,5.0,16.0,1455.0
230,,fransan,1510,5.0,16.0,1453.4546
231,,ErickDG,1360,5.0,15.5,1396.3636
232,,martix,1256,5.0,15.5,1278.8182
233,,franciscodi,1266,5.0,15.0,1468.2858
234,,DGA17,1461,5.0,15.0,1359.7
235,,Don_Gusto,1249,5.0,15.0,1352.3636
236,,vdkaufmked,1506,5.0,14.75,1418.909
237,,MarcoCiafa,1802,5.0,14.5,1554.5
238,,MartinRomero12,1267,5.0,14.0,1397.5454
239,,jarith2210,1341,5.0,13.5,1364.5
240,,nstein77,1295,5.0,13.0,1405.6364
241,,DiegoSanchez15,1366,5.0,13.0,1251.6364
242,,Berna7418,1041,5.0,13.0,1196.0
243,,DavidSanabria,1680,5.0,12.0,1617.8182
244,,NolanAlejandroo17,1515,5.0,12.0,1592.9
245,,Brandon_ladera2021,1209,5.0,12.0,1526.8182
246,,sebastian2459,1731,4.5,24.75,1648.3334
247,FM,JACarmona,2331,4.5,22.0,2064.0
248,,Estir,1302,4.5,20.25,1564.091
249,,Naldo05,1397,4.5,19.5,1526.7
250,,johanvdelden,1295,4.5,18.0,1444.2
251,,Augusto_Torres,1145,4.5,16.25,1293.1
252,,Emmanuel_Villanueva,1206,4.5,15.75,1456.6
253,,Pasa_Chess,1196,4.5,15.75,1279.2727
254,,LuCaS200819,1609,4.5,15.5,1881.7142
255,,Licuado13,1551,4.5,15.25,1386.4546
256,,ParceroGG,1434,4.5,14.75,1485.0
257,,marioemorac,2021,4.5,14.0,1775.6666
258,,Fieber69,1821,4.5,14.0,1694.0
259,,Antonio_Kartchess,1184,4.5,13.75,1365.909
260,,cocolyions,1400,4.5,13.0,1454.2858
261,,Alfonsoomr,1269,4.5,12.75,1415.1818
262,,Angel0625,1281,4.5,12.75,1262.6364
263,,turbinh0,1386,4.5,12.0,1560.6666
264,,JesusGamePlays14,1179,4.5,11.5,1514.4286
265,,Carlosknt,1422,4.5,9.0,1511.0
266,,JoshuaAlegre,1372,4.5,9.0,1397.4286
267,,Kikulichka,1278,4.5,9.0,1268.5555
268,,Strategydead,2145,4.0,24.0,2054.5
269,,Orospeda,1845,4.0,24.0,1606.2222
270,,jarcorlive,1851,4.0,23.5,1797.7142
271,,sergio-manuel164,1718,4.0,22.0,1610.0
272,,Sincrodestino,1658,4.0,21.5,1759.2858
273,,Nule7,1301,4.0,21.0,1369.909
274,,alud22,1839,4.0,20.5,1885.3334
275,,Franpixie,2023,4.0,20.0,1761.7142
276,,Ian1509,1641,4.0,20.0,1515.25
277,,Rivergw,1371,4.0,19.5,1376.7273
278,,Sirgomita,2138,4.0,18.0,1983.0
279,,adria2003,2192,4.0,18.0,1885.6666
280,,Nico-Amado,1884,4.0,18.0,1598.0
281,,Jahazziel,1766,4.0,18.0,1383.2
282,,VuelanPalos,1523,4.0,17.0,1443.4
283,,IvanR91,1617,4.0,16.5,1495.9
284,,Sebfon,1160,4.0,16.5,1276.091
285,,D_ArleyKO,1095,4.0,15.5,1406.4
286,,Jajedrez,1315,4.0,15.5,1303.9
287,,felipe-jimenez,1331,4.0,15.5,1286.1111
288,,mariofc_bta,1091,4.0,15.0,1279.4546
289,,jguaraz,1274,4.0,14.5,1326.8182
290,,sanjr,1461,4.0,14.5,1278.5454
291,,MrChaman7,1274,4.0,14.0,1527.8
292,,Israel2000,1325,4.0,13.5,1497.0
293,,ArZaMa82,1203,4.0,12.5,1329.7273
294,,PEDRULO2006,1043,4.0,12.0,1306.0
295,,ManuPuey03,1141,4.0,12.0,1266.7273
296,,Reymisterio024,1227,4.0,12.0,1252.091
297,,JCMH1981,970,4.0,12.0,1173.7
298,,AritzJau,1140,4.0,11.5,1277.3636
299,,CowBoy_Bishop,815,4.0,11.5,1231.1818
300,,Adrian_fl,1111,4.0,11.5,1222.4546
301,,nose_XD,1702,4.0,11.0,1586.0
302,,klaudio_ordonez666,1326,4.0,11.0,1348.4
303,,AlvaroB,1128,4.0,11.0,1320.6666
304,,Ishiki21,1459,4.0,10.0,1390.7
305,,TBLebowsky,1469,4.0,10.0,1342.125
306,,DavidM1233,1275,4.0,10.0,1267.4546
307,,CaballoInmortal,1363,4.0,9.0,1635.25
308,,Angel_Leija,1470,4.0,9.0,1561.4286
309,,DiegoCompany2408,1308,4.0,9.0,1228.3636
310,,OzEmFM,1316,4.0,8.5,1234.7
311,,Fdocan,1572,4.0,8.0,1703.0
312,,Nyarlatholep,1465,4.0,8.0,1519.6364
313,,Davi_10,1315,4.0,7.0,1358.1428
314,,Pakitoeltronco,1171,4.0,7.0,1242.6
315,,GatoAsturGM,2060,3.5,18.0,1975.4286
316,,Origaming_7,2042,3.5,16.25,2029.4286
317,,jesuskappa,1631,3.5,15.75,1983.5
318,,LordkeynesFCO,2030,3.5,12.75,1883.3334
319,,maosuarezbarrera,1353,3.5,11.75,1660.5
320,,soymingu,1384,3.5,10.75,1380.6666
321,,Pabloblanca9,849,3.5,10.5,1343.125
322,,Gil_Otreb82,1573,3.5,9.5,1359.3334
323,,Boqueixon_Gonzalo_R,1557,3.5,9.0,1679.8334
324,,Depredador8,1650,3.5,9.0,1334.7273
325,,Sahuaripa,1315,3.5,8.75,1323.3636
326,,E_L_R_A_T,902,3.5,8.75,1187.5454
327,,alejomorales,1426,3.5,8.25,1342.75
328,,jugigalo,1465,3.5,6.75,1309.5
329,,AjedrezNavarro,1392,3.5,6.75,1150.6364
330,,larritxapelas,1261,3.5,6.75,1062.2727
331,,fgarciae5,1056,3.5,4.75,1116.6364
332,,BocaJuniors2007,1658,3.5,4.5,1213.8334
333,,Elchuy77fenelchat,845,3.5,4.25,1072.5454
334,,juanmatmw,1654,3.0,16.5,1700.0
335,,Luis-albertolopez,1765,3.0,15.0,1610.0
336,,alcabot,1286,3.0,11.5,1239.875
337,,A73412371VICTORFARRO,1331,3.0,10.5,1357.7778
338,,JoshuaRLL,1361,3.0,10.0,1316.7142
339,,Ricardominguero,1500,3.0,9.5,1074.3636
340,,samuel343,1593,3.0,8.0,1605.8334
341,,aamezqueta,1570,3.0,8.0,1489.1428
342,,psyche-out,896,3.0,8.0,1186.3636
343,,rfggtav,1456,3.0,7.5,1389.8334
344,,GuidoNadotti,1630,3.0,7.0,1440.625
345,,Dr_Vago,1172,3.0,7.0,1293.0
346,,Julian1126,1122,3.0,7.0,1264.3636
347,,Disuasor,1265,3.0,7.0,1221.8
348,,JOSEALFARO,1200,3.0,6.5,1261.2222
349,,Sofiode,1257,3.0,6.5,1114.0
350,,GONZALOSANVICENTE,1361,3.0,6.0,1397.6666
351,,fernais,1605,3.0,6.0,1333.3334
352,,Encomenta511,1360,3.0,6.0,1241.2
353,,claerso,1200,3.0,6.0,1197.0
354,,fritovigo,789,3.0,6.0,1138.091
355,,tacticovitch,2227,3.0,5.0,1923.75
356,,cesart22,2420,3.0,5.0,1548.25
357,,KingGoji,1500,3.0,5.0,1160.3636
358,,pabego,1175,3.0,5.0,1104.091
359,,emildia,1529,3.0,4.0,1450.25
360,,fervelazquezb,1518,3.0,4.0,1429.6
361,,Brujorujo,1000,3.0,4.0,1203.7
362,,lucadelpieri,751,3.0,4.0,1168.6364
363,,maisurtia,1045,3.0,4.0,1076.5454
364,,dragonchess26,1166,3.0,3.5,1079.4
365,,lczoz6,2176,2.5,11.0,1875.0
366,,PANFLETO0000,1332,2.5,10.0,1629.8
367,,kyque,1311,2.5,7.75,1306.4286
368,,bautista20078564110,1763,2.5,7.25,1345.3334
369,,justopoi,1828,2.5,6.0,1831.6666
370,,Milochess91,1334,2.5,6.0,1173.5
371,,supersayayin7,1369,2.5,5.75,1244.7142
372,,RayanSEchecs,1243,2.5,5.25,1354.6666
373,,Laureada,751,2.5,4.5,1059.4
374,,cris4ever23,1254,2.5,4.0,1711.75
375,,brochona,1276,2.5,4.0,1676.3334
376,,Pjspike,1241,2.5,4.0,1363.625
377,,Hnemasailo86,1911,2.5,2.0,1970.6666
378,,Mvila,1612,2.5,2.0,1374.6666
379,,Angelo1026,2031,2.0,14.0,1802.3334
380,,Lmtrdvp,2405,2.0,10.0,1740.25
381,,josevimiss,1754,2.0,8.0,1326.5
382,,MarioJh,1364,2.0,7.0,1543.8
383,,yorch_boardgamer,1545,2.0,7.0,1492.0
384,,robertoflo22,1250,2.0,7.0,1183.0
385,,MarcoPenia,1217,2.0,6.0,1901.6666
386,,javierletona,2184,2.0,6.0,1834.3334
387,,geopazos,1338,2.0,6.0,1717.3334
388,,vicentemontesinosj,1482,2.0,6.0,1383.5
389,,Luixus74,1357,2.0,6.0,1153.8334
390,,adimoster,1485,2.0,5.0,1231.2858
391,,ignaciolabrana123,964,2.0,5.0,1143.2858
392,,MiguelAMR,1221,2.0,5.0,1025.0
393,,x_Jefe_Maestro_x,886,2.0,5.0,1007.0909
394,,bergui,2186,2.0,4.0,2076.0
395,,dannychess525,1972,2.0,4.0,1266.0
396,,Castillejo1980,1171,2.0,4.0,1229.375
397,,Catacroc,1188,2.0,3.5,1144.0
398,,NicolasAntonioG,1484,2.0,3.0,1730.3334
399,,Aaroniero,1435,2.0,3.0,1344.0
400,,DanielHP_123,1387,2.0,3.0,1342.1666
401,,L_Lawliet95a,1688,2.0,2.5,1705.75
402,,AlmegoTR,1273,2.0,2.0,1622.3334
403,,Manugross,1019,2.0,2.0,1093.375
404,,GAM13360,1070,2.0,1.5,927.63635
405,,DanielACO,1991,2.0,1.0,2258.0
406,,valles12,641,2.0,1.0,1855.3334
407,,Alexvt19,1410,2.0,1.0,1501.3334
408,,BeyolGV,1169,2.0,1.0,1407.7142
409,,GambitoPatch,1133,2.0,0.5,1019.1818
410,,scarface2015,1665,1.5,8.5,1363.1666
411,,Sebastian_Valencia_S,1431,1.5,4.5,1584.3334
412,,rauledinson,1403,1.5,4.5,1113.5
413,,AhmedovShaxriyor,1862,1.5,4.0,1816.0
414,,Javierrrrrrrrr,1688,1.5,3.5,1519.0
415,,roishugovilarino,789,1.5,2.5,1498.6666
416,,kimofernandez23,1081,1.5,2.5,1149.5
417,,RubenArias,1204,1.5,2.25,1112.2858
418,,Cristopher-Ulloa,1760,1.5,2.0,1343.3334
419,,uxus30,2229,1.5,1.5,1357.0
420,,elgonkets,1228,1.5,1.5,1101.8334
421,,Rahulgupta06,1032,1.5,1.5,1025.8334
422,,Lestefan06,1209,1.5,1.0,1402.0
423,,piero12_x,1185,1.5,0.5,2172.0
424,,JOSUEPROBURBANO,1633,1.5,0.5,1900.0
425,,Canisa89,1490,1.5,0.5,1663.0
426,,AlejoChess-Youtube,2005,1.5,0.5,1595.3334
427,,aleces,986,1.5,0.5,1263.3334
428,,Snoow28,1015,1.5,0.5,1060.75
429,,AgusTemperley,1992,1.0,7.0,1758.0
430,,MANUESANDOJ_2005,2006,1.0,7.0,1738.5
431,,Mascheroni0,1500,1.0,5.5,1212.5
432,,sturmunddrang1,1851,1.0,5.0,1885.0
433,,Yohe03,1262,1.0,5.0,1438.0
434,,Paolo9,1361,1.0,3.0,1757.0
435,,franco2020,1994,1.0,3.0,1728.5
436,,full-bongcloud,1524,1.0,3.0,1530.5
437,,cucun_dibiase,1376,1.0,3.0,1161.6
438,,Gabriel_0101,1095,1.0,3.0,1125.5
439,,DanteCdro,1016,1.0,2.5,1763.5
440,,Cayones,1943,1.0,2.0,1701.0
441,,lucas5o40,1619,1.0,1.0,1626.0
442,,irwingiyml,1688,1.0,1.0,1411.0
443,,ELCAMPERO14,1065,1.0,1.0,1347.5
444,,AngelMigGG,1456,1.0,1.0,1282.5
445,,Luis_GR,1535,1.0,1.0,1186.6
446,,Keyito2009,1006,1.0,1.0,1134.6
447,,Benja1401,1066,1.0,1.0,863.4
448,,FoxRox,789,1.0,0.5,892.2857
449,,andresg9108,1580,1.0,0.0,2280.0
450,,kivir-s-h,1834,1.0,0.0,2253.0
451,,santiago2529,1609,1.0,0.0,2155.5
452,,TheKiller_02,1668,1.0,0.0,2102.0
453,,Santiago_180,1654,1.0,0.0,2100.5
454,,Angel_01Vilca-25,1683,1.0,0.0,2038.0
455,,heverpp,1694,1.0,0.0,2030.5
456,,Rygrdo,1697,1.0,0.0,2027.0
457,,wesselluiten,1704,1.0,0.0,2027.5
458,,ZBT96,1713,1.0,0.0,2013.0
459,,Huerta280216,1727,1.0,0.0,1992.0
460,,MoiMaster,1696,1.0,0.0,1988.0
461,,CuriosidadHoy,1734,1.0,0.0,1984.5
462,,uncatracho007,1843,1.0,0.0,1884.0
463,,Roxana-Peru,1899,1.0,0.0,1853.5
464,,Anl3o,1886,1.0,0.0,1845.5
465,,Cesar_2006,1868,1.0,0.0,1840.5
466,,Vic126,838,1.0,0.0,1755.5
467,,AitorCardone,1970,1.0,0.0,1734.5
468,,JuanDavid_Zipaquira,873,1.0,0.0,1716.0
469,,Enrique_pollo31,2029,1.0,0.0,1713.0
470,,luisneyra,982,1.0,0.0,1674.0
471,,Sergio_007,966,1.0,0.0,1673.0
472,,Leangcruz,1692,1.0,0.0,1656.6666
473,,StefanySofia2003,2202,1.0,0.0,1653.5
474,,Malagueta87,1021,1.0,0.0,1586.5
475,,Josif_a_La_Firme,1041,1.0,0.0,1582.5
476,,anibal56,1134,1.0,0.0,1550.5
477,,PuesHoliOuO,2447,1.0,0.0,1547.0
478,,Miguel_Angel_92,1152,1.0,0.0,1530.5
479,,rimbo23,1172,1.0,0.0,1529.5
480,,periajedrez,1189,1.0,0.0,1517.0
481,,sangre_muerte,1201,1.0,0.0,1503.0
482,,jorge238,1166,1.0,0.0,1490.5
483,,AndresLopez123,1244,1.0,0.0,1480.0
484,,JesusOM,1279,1.0,0.0,1421.0
485,,Dan_nydaniel,1368,1.0,0.0,1403.0
486,,DamaClavada,1393,1.0,0.0,1390.0
487,,veintiseis599,1315,1.0,0.0,1381.5
488,,YourrealSister,1356,1.0,0.0,1369.0
489,,cuet,1070,1.0,0.0,1364.6666
490,,TomasLuna58,1395,1.0,0.0,1358.5
491,,VTHugo,1155,1.0,0.0,1344.25
492,,AdarareRA,1408,1.0,0.0,1333.5
493,,M12223,1426,1.0,0.0,1323.0
494,,manitojoseba,1401,1.0,0.0,1313.0
495,,francis210,1461,1.0,0.0,1289.5
496,,TakTik19k,1505,1.0,0.0,1274.5
497,,Ronky987,1490,1.0,0.0,1266.5
498,,Hector_Zavaleta01,1474,1.0,0.0,1263.5
499,,juanki60,1478,1.0,0.0,1254.0
500,,albo87,1481,1.0,0.0,1247.0
501,,Jose_Betico,1413,1.0,0.0,1241.5
502,,Sh4dow_Ra1der,1318,1.0,0.0,1236.0
503,,SebastianEVT,1269,1.0,0.0,1192.6666
504,,muerte365,1500,1.0,0.0,1184.5
505,,Ocampe,970,1.0,0.0,1178.0
506,,DamianDander,1500,1.0,0.0,1146.0
507,,BrayanCujaban,1500,1.0,0.0,1142.5
508,,fedeyriver,988,1.0,0.0,1124.0
509,,VitoCampe,1500,1.0,0.0,1102.5
510,,Lawliet181107,923,1.0,0.0,1083.8334
511,,soler555,1420,1.0,0.0,892.3333
512,,MiguelRSalomon,991,1.0,0.0,786.4
513,,FelipeB91,800,1.0,0.0,464.0
514,,andreykin_01,2275,0.5,0.0,
515,,Aquila_M,1992,0.5,0.0,
516,,Kadir-cos,1500,0.5,0.0,
517,,hhugonzalez1992,1268,0.5,0.0,1445.0
518,,GUSTAVOCRACK,1484,0.5,0.0,
519,,Hisoka9195,1431,0.5,0.0,
520,,M4TIAS_F3RN4NDEZ,1488,0.5,0.0,1382.5
521,,Leooooo_01,1428,0.5,0.0,1321.0
522,,Carlosxd1234,1315,0.5,0.0,
523,,EMMANUELCATALAN2,1239,0.5,0.0,
524,,Marco_1239,1715,0.5,0.0,1075.0
525,,amir-ahmadi,1137,0.5,0.0,1061.0
526,,felipechile,1813,0.5,0.0,1050.0
527,,carlos_armijos98,1222,0.5,0.0,1026.3334
528,,mammago,1672,0.5,0.0,1001.25
529,,joaquinsg06,1044,0.5,0.0,990.0
530,,JAIRE,1405,0.5,0.0,927.5
531,,RomeroMeneses,1108,0.5,0.0,886.0
532,,YonathanZavala,1296,0.5,0.0,884.0
533,,Gabaco08,1953,0.5,0.0,841.0
534,,vizzztor,1370,0.5,0.0,829.4
535,,pecanji,1684,0.5,0.0,816.0
536,,Marcelo14,1406,0.5,0.0,775.5
537,,RoisPablo,986,0.5,0.0,770.3333
538,,Angeldrez01,1521,0.0,0.0,1990.0
539,,Weils,1529,0.0,0.0,1857.0
540,,javieroto,1574,0.0,0.0,1845.0
541,,carlosagurcia,1580,0.0,0.0,1844.0
542,,pgea,1541,0.0,0.0,1805.0
543,,JesusM256,1543,0.0,0.0,1790.0
544,,papayaya,1546,0.0,0.0,1787.0
545,,Manolo1487,1552,0.0,0.0,1742.0
546,,Moses-BS,1560,0.0,0.0,1727.0
547,,AdidCSS,1555,0.0,0.0,1718.0
548,,Andree2BComercio32MH,1578,0.0,0.0,1714.0
549,,jimmy4,1566,0.0,0.0,1700.0
550,,DEIMOLD_090,1571,0.0,0.0,1684.0
551,,Gabosanguchess,1570,0.0,0.0,1638.0
552,,carras230,1576,0.0,0.0,1636.0
553,,EST_96_Josue_CG,1580,0.0,0.0,1628.0
554,,Frisded,1585,0.0,0.0,1625.0
555,,IanChesscom,1588,0.0,0.0,1616.0
556,,Rota-02,1615,0.0,0.0,1589.0
557,,Ovejero,1611,0.0,0.0,1586.0
558,,Oliver331,1643,0.0,0.0,1555.0
559,,lolonunes04,1643,0.0,0.0,1542.0
560,,BENJUAJAAGENIO,1597,0.0,0.0,1531.0
561,,hernandezfloresdiego,1647,0.0,0.0,1529.0
562,,Viajero_Dimensional,1659,0.0,0.0,1498.0
563,,yamil08,1665,0.0,0.0,1491.0
564,,AlexanderSanti,1660,0.0,0.0,1470.0
565,,chucho_03,1713,0.0,0.0,1455.0
566,,Nalfein666,1702,0.0,0.0,1451.0
567,,estiben6,1717,0.0,0.0,1450.0
568,,Rodoo3999,1721,0.0,0.0,1423.0
569,,Juanokensighston,1679,0.0,0.0,1419.0
570,,Canor3000,1726,0.0,0.0,1406.0
571,,Pol_LOMBARTE,1741,0.0,0.0,1403.0
572,,ErikOlvera14,1723,0.0,0.0,1399.0
573,,Scr_Belloso,1777,0.0,0.0,1399.0
574,,brauliog,1737,0.0,0.0,1399.0
575,,TheJuancho3000,1736,0.0,0.0,1386.0
576,,joaquinorquera,1917,0.0,0.0,1381.0
577,,FuerzaColombianito,1745,0.0,0.0,1378.0
578,,aaa_29292,1758,0.0,0.0,1362.0
579,,ALEXISGS,1768,0.0,0.0,1360.0
580,,psoas79,1752,0.0,0.0,1357.0
581,,EsLaCuentaMasSecreta,1770,0.0,0.0,1343.0
582,,Irvinggaytan83,1753,0.0,0.0,1334.0
583,,Busti78,1821,0.0,0.0,1313.0
584,,TheMrKev,1835,0.0,0.0,1297.0
585,,SNHEIDER10,1861,0.0,0.0,1279.0
586,,DavidMorales15,1855,0.0,0.0,1270.0
587,,VICTORMM06,1845,0.0,0.0,1266.0
588,,maykel3920,1942,0.0,0.0,1256.0
589,,mrking_1,2054,0.0,0.0,1250.5
590,,julio_samuelsdb,1890,0.0,0.0,1238.0
591,,Andres7861,1904,0.0,0.0,1234.0
592,,ecardoso85,1915,0.0,0.0,1232.0
593,,kikewolf8,1907,0.0,0.0,1231.0
594,,LuisFZamora,1904,0.0,0.0,1227.0
595,,sedir0,1921,0.0,0.0,1219.0
596,,edulin9,1923,0.0,0.0,1213.0
597,,Josepromero,1974,0.0,0.0,1204.0
598,,Lajarto,1906,0.0,0.0,1197.0
599,,ChessOfExperts,1930,0.0,0.0,1197.0
600,,TimeFlyBye,1952,0.0,0.0,1194.0
601,,Shapzon,1961,0.0,0.0,1184.0
602,,Bernardino_Madera,1948,0.0,0.0,1183.0
603,,DanielGiraldo12,1951,0.0,0.0,1180.0
604,,eloyoff34,2073,0.0,0.0,1177.0
605,,SalomonSH2,2001,0.0,0.0,1168.0
606,,gambitodeporablea1,2016,0.0,0.0,1160.0
607,,crodeir,1973,0.0,0.0,1160.0
608,,zaid_conforme_sj,1990,0.0,0.0,1159.0
609,,Scottlevi2000,2008,0.0,0.0,1154.0
610,,Elsalguepro247,1965,0.0,0.0,1150.0
611,,AlejandroAmador,2010,0.0,0.0,1143.0
612,,Dr_Nitsuga,2100,0.0,0.0,1141.0
613,,isfan11,2048,0.0,0.0,1136.0
614,,Chemaegauchess,2109,0.0,0.0,1131.0
615,,Carlos_David_Escurra,1969,0.0,0.0,1117.0
616,,chessss2367lelo,2084,0.0,0.0,1109.0
617,,unicongrio,2143,0.0,0.0,1088.0
618,,Juxho,1341,0.0,0.0,1065.5
619,,Chesswarrior25,2270,0.0,0.0,1049.0
620,,WereUkain,1133,0.0,0.0,1049.0
621,,Chang90,2417,0.0,0.0,1048.0
622,,TutraZero1,685,0.0,0.0,1033.0
623,,ElZeyega,2399,0.0,0.0,1015.0
624,,AndresRuffle,1290,0.0,0.0,1011.0
625,,rafestev,1185,0.0,0.0,1006.6667
626,,AdolfoCatral,916,0.0,0.0,1000.0
627,,SantiXtreme,1016,0.0,0.0,1000.0
628,,AndreuGarrigosLopez,1019,0.0,0.0,1000.0
629,,Matias333333,912,0.0,0.0,1000.0
630,,Frank365_es,917,0.0,0.0,1000.0
631,,matiuuuu85,1132,0.0,0.0,996.0
632,,andresperilla23,1080,0.0,0.0,985.0
633,,Kevin085,1112,0.0,0.0,984.0
634,,Mijhayl_fan_luison,1115,0.0,0.0,981.0
635,,Pedrobrunacci41,1113,0.0,0.0,980.0
636,,aluken,1116,0.0,0.0,978.0
637,,pablo-andres2011,1164,0.0,0.0,974.0
638,,ricsalinas,1187,0.0,0.0,970.0
639,,FloresSantiagoLPC,790,0.0,0.0,969.0
640,,JuanJe797,1128,0.0,0.0,965.0
641,,JeremaiArce,1109,0.0,0.0,965.0
642,,Fernineitor,1139,0.0,0.0,961.0
643,,joshua25xd,1151,0.0,0.0,960.0
644,,Daineryss,1347,0.0,0.0,956.0
645,,Martintube,1147,0.0,0.0,955.0
646,,ana-micossi850,1170,0.0,0.0,955.0
647,,eldecididorr,1219,0.0,0.0,940.0
648,,Igorrruzz,1199,0.0,0.0,940.0
649,,Alain967,1176,0.0,0.0,926.0
650,,druzy,1193,0.0,0.0,923.0
651,,AlbertoVila,706,0.0,0.0,923.8333
652,,SLion25,1215,0.0,0.0,916.0
653,,JuanVilamarxant,1188,0.0,0.0,910.0
654,,Mirko_2,1212,0.0,0.0,908.0
655,,EST_58_Daniela_AC,1166,0.0,0.0,901.0
656,,Ruchi7,1221,0.0,0.0,895.0
657,,ricsamma,1267,0.0,0.0,893.0
658,,TitiCheese,1176,0.0,0.0,892.0
659,,DRdiegoA,1253,0.0,0.0,892.0
660,,vichoal,1185,0.0,0.0,889.0
661,,cdgallego,1222,0.0,0.0,887.0
662,,Apadribloan,1184,0.0,0.0,861.0
663,,parazmoltang,1195,0.0,0.0,861.0
664,,andres8002,1251,0.0,0.0,860.0
665,,ochoagu,1258,0.0,0.0,856.0
666,,Sebastiansanvi26,1327,0.0,0.0,840.0
667,,Namek2010,1267,0.0,0.0,829.0
668,,ajedrizate1,1094,0.0,0.0,826.0
669,,Andres128chess,1303,0.0,0.0,818.0
670,,RodriNakamura,1329,0.0,0.0,816.5
671,,Isacar1225,1304,0.0,0.0,815.0
672,,C62049687Gonzalo,1313,0.0,0.0,815.0
673,,josepa0112,1276,0.0,0.0,815.0
674,,GotBe,1310,0.0,0.0,800.0
675,,Mrojas10333,1302,0.0,0.0,779.0
676,,Bautistas,1500,0.0,0.0,777.0
677,,Huevoltron,1364,0.0,0.0,774.0
678,,MarioVicari,1332,0.0,0.0,774.0
679,,juanel172,1345,0.0,0.0,769.0
680,,richuziel,1066,0.0,0.0,769.0
681,,almighty7382,1342,0.0,0.0,767.0
682,,nefalden,1375,0.0,0.0,750.0
683,,S-Chabela,1390,0.0,0.0,749.0
684,,Charlie_Sa,1379,0.0,0.0,744.0
685,,Gran-kaiser,1356,0.0,0.0,741.0
686,,itsArnau18,1409,0.0,0.0,717.0
687,,Danisr04,1413,0.0,0.0,701.0
688,,Cristiano747,1376,0.0,0.0,700.0
689,,NelliMarz,1451,0.0,0.0,690.0
690,,kasp0r0v,1423,0.0,0.0,689.0
691,,ElRuidoyLaFuria,1336,0.0,0.0,688.0
692,,crispa86,1424,0.0,0.0,685.0
693,,Martinus_TC,1430,0.0,0.0,677.5
694,,juantina,1440,0.0,0.0,672.0
695,,chefs24,1442,0.0,0.0,672.0
696,,elcellistamisterioso,1049,0.0,0.0,669.0
697,,hacker2436,1480,0.0,0.0,667.0
698,,DanidrexCarvajal,1275,0.0,0.0,666.0
699,,Mario_Parra,1436,0.0,0.0,666.0
700,,Johanvgamer,1500,0.0,0.0,655.0
701,,Osisidro,1476,0.0,0.0,640.0
702,,Bepe_Durrieu12,1340,0.0,0.0,634.0
703,,Alexisjas,1500,0.0,0.0,628.0
704,,Flasita,1457,0.0,0.0,611.0
705,,LiamT1000,1082,0.0,0.0,570.0
706,,IRengOI,1051,0.0,0.0,556.0
707,,Omnia_mors_aequat,1500,0.0,0.0,545.0
708,,Destruyeateos,1277,0.0,0.0,541.0
709,,Mmcccfff1707,1500,0.0,0.0,541.0
710,,FerMambo,1500,0.0,0.0,521.0
711,,Mcfly_14,1500,0.0,0.0,500.0
712,,joselsalazarp,1500,0.0,0.0,488.0
713,,tresweer,1500,0.0,0.0,482.0
714,,Kennylador04,1500,0.0,0.0,470.0
715,,Chairesito,1500,0.0,0.0,466.0
716,,EROSNEITOR,1500,0.0,0.0,423.0
717,,corredera7,1500,0.0,0.0,402.0
718,,piulin,916,0.0,0.0,386.0
719,,syker10,1500,0.0,0.0,373.0
720,,Roscondereyes,1509,0.0,0.0,362.0
721,,vdanielsan,1073,0.0,0.0,345.0
722,,sashiy,1500,0.0,0.0,338.0
723,,ELO-1000,1500,0.0,0.0,315.0
724,,MateoAbc99,1528,0.0,0.0,289.0
725,,StefanoA_6CAN,1509,0.0,0.0,251.0
726,,IngGerald,1519,0.0,0.0,141.0
